Id,PrimaryColor,SecondaryColor,Gradient
0,PrimaryColor0,SecondaryColor0,Gradient0
0,PrimaryColor1,SecondaryColor1,Gradient1
0,PrimaryColor2,SecondaryColor2,Gradient2
0,PrimaryColor3,SecondaryColor3,Gradient3
0,PrimaryColor4,SecondaryColor4,Gradient4
0,PrimaryColor5,SecondaryColor5,Gradient5
0,PrimaryColor6,SecondaryColor6,Gradient6
0,PrimaryColor7,SecondaryColor7,Gradient7
0,PrimaryColor8,SecondaryColor8,Gradient8
0,PrimaryColor9,SecondaryColor9,Gradient9
0,PrimaryColor10,SecondaryColor10,Gradient10
0,PrimaryColor11,SecondaryColor11,Gradient11
0,PrimaryColor12,SecondaryColor12,Gradient12
0,PrimaryColor13,SecondaryColor13,Gradient13
0,PrimaryColor14,SecondaryColor14,Gradient14
0,PrimaryColor15,SecondaryColor15,Gradient15
0,PrimaryColor16,SecondaryColor16,Gradient16
0,PrimaryColor17,SecondaryColor17,Gradient17
0,PrimaryColor18,SecondaryColor18,Gradient18
0,PrimaryColor19,SecondaryColor19,Gradient19
0,PrimaryColor20,SecondaryColor20,Gradient20
0,PrimaryColor21,SecondaryColor21,Gradient21
0,PrimaryColor22,SecondaryColor22,Gradient22
0,PrimaryColor23,SecondaryColor23,Gradient23
0,PrimaryColor24,SecondaryColor24,Gradient24
0,PrimaryColor25,SecondaryColor25,Gradient25
0,PrimaryColor26,SecondaryColor26,Gradient26
0,PrimaryColor27,SecondaryColor27,Gradient27
0,PrimaryColor28,SecondaryColor28,Gradient28
0,PrimaryColor29,SecondaryColor29,Gradient29
0,PrimaryColor30,SecondaryColor30,Gradient30
0,PrimaryColor31,SecondaryColor31,Gradient31
0,PrimaryColor32,SecondaryColor32,Gradient32
0,PrimaryColor33,SecondaryColor33,Gradient33
0,PrimaryColor34,SecondaryColor34,Gradient34
0,PrimaryColor35,SecondaryColor35,Gradient35
0,PrimaryColor36,SecondaryColor36,Gradient36
0,PrimaryColor37,SecondaryColor37,Gradient37
0,PrimaryColor38,SecondaryColor38,Gradient38
0,PrimaryColor39,SecondaryColor39,Gradient39
0,PrimaryColor40,SecondaryColor40,Gradient40
0,PrimaryColor41,SecondaryColor41,Gradient41
0,PrimaryColor42,SecondaryColor42,Gradient42
0,PrimaryColor43,SecondaryColor43,Gradient43
0,PrimaryColor44,SecondaryColor44,Gradient44
0,PrimaryColor45,SecondaryColor45,Gradient45
0,PrimaryColor46,SecondaryColor46,Gradient46
0,PrimaryColor47,SecondaryColor47,Gradient47
0,PrimaryColor48,SecondaryColor48,Gradient48
0,PrimaryColor49,SecondaryColor49,Gradient49
0,PrimaryColor50,SecondaryColor50,Gradient50
0,PrimaryColor51,SecondaryColor51,Gradient51
0,PrimaryColor52,SecondaryColor52,Gradient52
0,PrimaryColor53,SecondaryColor53,Gradient53
0,PrimaryColor54,SecondaryColor54,Gradient54
0,PrimaryColor55,SecondaryColor55,Gradient55
0,PrimaryColor56,SecondaryColor56,Gradient56
0,PrimaryColor57,SecondaryColor57,Gradient57
0,PrimaryColor58,SecondaryColor58,Gradient58
0,PrimaryColor59,SecondaryColor59,Gradient59
0,PrimaryColor60,SecondaryColor60,Gradient60
0,PrimaryColor61,SecondaryColor61,Gradient61
0,PrimaryColor62,SecondaryColor62,Gradient62
0,PrimaryColor63,SecondaryColor63,Gradient63
0,PrimaryColor64,SecondaryColor64,Gradient64
0,PrimaryColor65,SecondaryColor65,Gradient65
0,PrimaryColor66,SecondaryColor66,Gradient66
0,PrimaryColor67,SecondaryColor67,Gradient67
0,PrimaryColor68,SecondaryColor68,Gradient68
0,PrimaryColor69,SecondaryColor69,Gradient69
0,PrimaryColor70,SecondaryColor70,Gradient70
0,PrimaryColor71,SecondaryColor71,Gradient71
0,PrimaryColor72,SecondaryColor72,Gradient72
0,PrimaryColor73,SecondaryColor73,Gradient73
0,PrimaryColor74,SecondaryColor74,Gradient74
0,PrimaryColor75,SecondaryColor75,Gradient75
0,PrimaryColor76,SecondaryColor76,Gradient76
0,PrimaryColor77,SecondaryColor77,Gradient77
0,PrimaryColor78,SecondaryColor78,Gradient78
0,PrimaryColor79,SecondaryColor79,Gradient79
0,PrimaryColor80,SecondaryColor80,Gradient80
0,PrimaryColor81,SecondaryColor81,Gradient81
0,PrimaryColor82,SecondaryColor82,Gradient82
0,PrimaryColor83,SecondaryColor83,Gradient83
0,PrimaryColor84,SecondaryColor84,Gradient84
0,PrimaryColor85,SecondaryColor85,Gradient85
0,PrimaryColor86,SecondaryColor86,Gradient86
0,PrimaryColor87,SecondaryColor87,Gradient87
0,PrimaryColor88,SecondaryColor88,Gradient88
0,PrimaryColor89,SecondaryColor89,Gradient89
0,PrimaryColor90,SecondaryColor90,Gradient90
0,PrimaryColor91,SecondaryColor91,Gradient91
0,PrimaryColor92,SecondaryColor92,Gradient92
0,PrimaryColor93,SecondaryColor93,Gradient93
0,PrimaryColor94,SecondaryColor94,Gradient94
0,PrimaryColor95,SecondaryColor95,Gradient95
0,PrimaryColor96,SecondaryColor96,Gradient96
0,PrimaryColor97,SecondaryColor97,Gradient97
0,PrimaryColor98,SecondaryColor98,Gradient98
0,PrimaryColor99,SecondaryColor99,Gradient99
0,PrimaryColor100,SecondaryColor100,Gradient100
0,PrimaryColor101,SecondaryColor101,Gradient101
0,PrimaryColor102,SecondaryColor102,Gradient102
0,PrimaryColor103,SecondaryColor103,Gradient103
0,PrimaryColor104,SecondaryColor104,Gradient104
0,PrimaryColor105,SecondaryColor105,Gradient105
0,PrimaryColor106,SecondaryColor106,Gradient106
0,PrimaryColor107,SecondaryColor107,Gradient107
0,PrimaryColor108,SecondaryColor108,Gradient108
0,PrimaryColor109,SecondaryColor109,Gradient109
0,PrimaryColor110,SecondaryColor110,Gradient110
0,PrimaryColor111,SecondaryColor111,Gradient111
0,PrimaryColor112,SecondaryColor112,Gradient112
0,PrimaryColor113,SecondaryColor113,Gradient113
0,PrimaryColor114,SecondaryColor114,Gradient114
0,PrimaryColor115,SecondaryColor115,Gradient115
0,PrimaryColor116,SecondaryColor116,Gradient116
0,PrimaryColor117,SecondaryColor117,Gradient117
0,PrimaryColor118,SecondaryColor118,Gradient118
0,PrimaryColor119,SecondaryColor119,Gradient119
0,PrimaryColor120,SecondaryColor120,Gradient120
0,PrimaryColor121,SecondaryColor121,Gradient121
0,PrimaryColor122,SecondaryColor122,Gradient122
0,PrimaryColor123,SecondaryColor123,Gradient123
0,PrimaryColor124,SecondaryColor124,Gradient124
0,PrimaryColor125,SecondaryColor125,Gradient125
0,PrimaryColor126,SecondaryColor126,Gradient126
0,PrimaryColor127,SecondaryColor127,Gradient127
0,PrimaryColor128,SecondaryColor128,Gradient128
0,PrimaryColor129,SecondaryColor129,Gradient129
0,PrimaryColor130,SecondaryColor130,Gradient130
0,PrimaryColor131,SecondaryColor131,Gradient131
0,PrimaryColor132,SecondaryColor132,Gradient132
0,PrimaryColor133,SecondaryColor133,Gradient133
0,PrimaryColor134,SecondaryColor134,Gradient134
0,PrimaryColor135,SecondaryColor135,Gradient135
0,PrimaryColor136,SecondaryColor136,Gradient136
0,PrimaryColor137,SecondaryColor137,Gradient137
0,PrimaryColor138,SecondaryColor138,Gradient138
0,PrimaryColor139,SecondaryColor139,Gradient139
0,PrimaryColor140,SecondaryColor140,Gradient140
0,PrimaryColor141,SecondaryColor141,Gradient141
0,PrimaryColor142,SecondaryColor142,Gradient142
0,PrimaryColor143,SecondaryColor143,Gradient143
0,PrimaryColor144,SecondaryColor144,Gradient144
0,PrimaryColor145,SecondaryColor145,Gradient145
0,PrimaryColor146,SecondaryColor146,Gradient146
0,PrimaryColor147,SecondaryColor147,Gradient147
0,PrimaryColor148,SecondaryColor148,Gradient148
0,PrimaryColor149,SecondaryColor149,Gradient149
0,PrimaryColor150,SecondaryColor150,Gradient150
0,PrimaryColor151,SecondaryColor151,Gradient151
0,PrimaryColor152,SecondaryColor152,Gradient152
0,PrimaryColor153,SecondaryColor153,Gradient153
0,PrimaryColor154,SecondaryColor154,Gradient154
0,PrimaryColor155,SecondaryColor155,Gradient155
0,PrimaryColor156,SecondaryColor156,Gradient156
0,PrimaryColor157,SecondaryColor157,Gradient157
0,PrimaryColor158,SecondaryColor158,Gradient158
0,PrimaryColor159,SecondaryColor159,Gradient159
0,PrimaryColor160,SecondaryColor160,Gradient160
0,PrimaryColor161,SecondaryColor161,Gradient161
0,PrimaryColor162,SecondaryColor162,Gradient162
0,PrimaryColor163,SecondaryColor163,Gradient163
0,PrimaryColor164,SecondaryColor164,Gradient164
0,PrimaryColor165,SecondaryColor165,Gradient165
0,PrimaryColor166,SecondaryColor166,Gradient166
0,PrimaryColor167,SecondaryColor167,Gradient167
0,PrimaryColor168,SecondaryColor168,Gradient168
0,PrimaryColor169,SecondaryColor169,Gradient169
0,PrimaryColor170,SecondaryColor170,Gradient170
0,PrimaryColor171,SecondaryColor171,Gradient171
0,PrimaryColor172,SecondaryColor172,Gradient172
0,PrimaryColor173,SecondaryColor173,Gradient173
0,PrimaryColor174,SecondaryColor174,Gradient174
0,PrimaryColor175,SecondaryColor175,Gradient175
0,PrimaryColor176,SecondaryColor176,Gradient176
0,PrimaryColor177,SecondaryColor177,Gradient177
0,PrimaryColor178,SecondaryColor178,Gradient178
0,PrimaryColor179,SecondaryColor179,Gradient179
0,PrimaryColor180,SecondaryColor180,Gradient180
0,PrimaryColor181,SecondaryColor181,Gradient181
0,PrimaryColor182,SecondaryColor182,Gradient182
0,PrimaryColor183,SecondaryColor183,Gradient183
0,PrimaryColor184,SecondaryColor184,Gradient184
0,PrimaryColor185,SecondaryColor185,Gradient185
0,PrimaryColor186,SecondaryColor186,Gradient186
0,PrimaryColor187,SecondaryColor187,Gradient187
0,PrimaryColor188,SecondaryColor188,Gradient188
0,PrimaryColor189,SecondaryColor189,Gradient189
0,PrimaryColor190,SecondaryColor190,Gradient190
0,PrimaryColor191,SecondaryColor191,Gradient191
0,PrimaryColor192,SecondaryColor192,Gradient192
0,PrimaryColor193,SecondaryColor193,Gradient193
0,PrimaryColor194,SecondaryColor194,Gradient194
0,PrimaryColor195,SecondaryColor195,Gradient195
0,PrimaryColor196,SecondaryColor196,Gradient196
0,PrimaryColor197,SecondaryColor197,Gradient197
0,PrimaryColor198,SecondaryColor198,Gradient198
0,PrimaryColor199,SecondaryColor199,Gradient199
0,PrimaryColor200,SecondaryColor200,Gradient200
0,PrimaryColor201,SecondaryColor201,Gradient201
0,PrimaryColor202,SecondaryColor202,Gradient202
0,PrimaryColor203,SecondaryColor203,Gradient203
0,PrimaryColor204,SecondaryColor204,Gradient204
0,PrimaryColor205,SecondaryColor205,Gradient205
0,PrimaryColor206,SecondaryColor206,Gradient206
0,PrimaryColor207,SecondaryColor207,Gradient207
0,PrimaryColor208,SecondaryColor208,Gradient208
0,PrimaryColor209,SecondaryColor209,Gradient209
0,PrimaryColor210,SecondaryColor210,Gradient210
0,PrimaryColor211,SecondaryColor211,Gradient211
0,PrimaryColor212,SecondaryColor212,Gradient212
0,PrimaryColor213,SecondaryColor213,Gradient213
0,PrimaryColor214,SecondaryColor214,Gradient214
0,PrimaryColor215,SecondaryColor215,Gradient215
0,PrimaryColor216,SecondaryColor216,Gradient216
0,PrimaryColor217,SecondaryColor217,Gradient217
0,PrimaryColor218,SecondaryColor218,Gradient218
0,PrimaryColor219,SecondaryColor219,Gradient219
0,PrimaryColor220,SecondaryColor220,Gradient220
0,PrimaryColor221,SecondaryColor221,Gradient221
0,PrimaryColor222,SecondaryColor222,Gradient222
0,PrimaryColor223,SecondaryColor223,Gradient223
0,PrimaryColor224,SecondaryColor224,Gradient224
0,PrimaryColor225,SecondaryColor225,Gradient225
0,PrimaryColor226,SecondaryColor226,Gradient226
0,PrimaryColor227,SecondaryColor227,Gradient227
0,PrimaryColor228,SecondaryColor228,Gradient228
0,PrimaryColor229,SecondaryColor229,Gradient229
0,PrimaryColor230,SecondaryColor230,Gradient230
0,PrimaryColor231,SecondaryColor231,Gradient231
0,PrimaryColor232,SecondaryColor232,Gradient232
0,PrimaryColor233,SecondaryColor233,Gradient233
0,PrimaryColor234,SecondaryColor234,Gradient234
0,PrimaryColor235,SecondaryColor235,Gradient235
0,PrimaryColor236,SecondaryColor236,Gradient236
0,PrimaryColor237,SecondaryColor237,Gradient237
0,PrimaryColor238,SecondaryColor238,Gradient238
0,PrimaryColor239,SecondaryColor239,Gradient239
0,PrimaryColor240,SecondaryColor240,Gradient240
0,PrimaryColor241,SecondaryColor241,Gradient241
0,PrimaryColor242,SecondaryColor242,Gradient242
0,PrimaryColor243,SecondaryColor243,Gradient243
0,PrimaryColor244,SecondaryColor244,Gradient244
0,PrimaryColor245,SecondaryColor245,Gradient245
0,PrimaryColor246,SecondaryColor246,Gradient246
0,PrimaryColor247,SecondaryColor247,Gradient247
0,PrimaryColor248,SecondaryColor248,Gradient248
0,PrimaryColor249,SecondaryColor249,Gradient249
0,PrimaryColor250,SecondaryColor250,Gradient250
0,PrimaryColor251,SecondaryColor251,Gradient251
0,PrimaryColor252,SecondaryColor252,Gradient252
0,PrimaryColor253,SecondaryColor253,Gradient253
0,PrimaryColor254,SecondaryColor254,Gradient254
0,PrimaryColor255,SecondaryColor255,Gradient255
0,PrimaryColor256,SecondaryColor256,Gradient256
0,PrimaryColor257,SecondaryColor257,Gradient257
0,PrimaryColor258,SecondaryColor258,Gradient258
0,PrimaryColor259,SecondaryColor259,Gradient259
0,PrimaryColor260,SecondaryColor260,Gradient260
0,PrimaryColor261,SecondaryColor261,Gradient261
0,PrimaryColor262,SecondaryColor262,Gradient262
0,PrimaryColor263,SecondaryColor263,Gradient263
0,PrimaryColor264,SecondaryColor264,Gradient264
0,PrimaryColor265,SecondaryColor265,Gradient265
0,PrimaryColor266,SecondaryColor266,Gradient266
0,PrimaryColor267,SecondaryColor267,Gradient267
0,PrimaryColor268,SecondaryColor268,Gradient268
0,PrimaryColor269,SecondaryColor269,Gradient269
0,PrimaryColor270,SecondaryColor270,Gradient270
0,PrimaryColor271,SecondaryColor271,Gradient271
0,PrimaryColor272,SecondaryColor272,Gradient272
0,PrimaryColor273,SecondaryColor273,Gradient273
0,PrimaryColor274,SecondaryColor274,Gradient274
0,PrimaryColor275,SecondaryColor275,Gradient275
0,PrimaryColor276,SecondaryColor276,Gradient276
0,PrimaryColor277,SecondaryColor277,Gradient277
0,PrimaryColor278,SecondaryColor278,Gradient278
0,PrimaryColor279,SecondaryColor279,Gradient279
0,PrimaryColor280,SecondaryColor280,Gradient280
0,PrimaryColor281,SecondaryColor281,Gradient281
0,PrimaryColor282,SecondaryColor282,Gradient282
0,PrimaryColor283,SecondaryColor283,Gradient283
0,PrimaryColor284,SecondaryColor284,Gradient284
0,PrimaryColor285,SecondaryColor285,Gradient285
0,PrimaryColor286,SecondaryColor286,Gradient286
0,PrimaryColor287,SecondaryColor287,Gradient287
0,PrimaryColor288,SecondaryColor288,Gradient288
0,PrimaryColor289,SecondaryColor289,Gradient289
0,PrimaryColor290,SecondaryColor290,Gradient290
0,PrimaryColor291,SecondaryColor291,Gradient291
0,PrimaryColor292,SecondaryColor292,Gradient292
0,PrimaryColor293,SecondaryColor293,Gradient293
0,PrimaryColor294,SecondaryColor294,Gradient294
0,PrimaryColor295,SecondaryColor295,Gradient295
0,PrimaryColor296,SecondaryColor296,Gradient296
0,PrimaryColor297,SecondaryColor297,Gradient297
0,PrimaryColor298,SecondaryColor298,Gradient298
0,PrimaryColor299,SecondaryColor299,Gradient299
0,PrimaryColor300,SecondaryColor300,Gradient300
0,PrimaryColor301,SecondaryColor301,Gradient301
0,PrimaryColor302,SecondaryColor302,Gradient302
0,PrimaryColor303,SecondaryColor303,Gradient303
0,PrimaryColor304,SecondaryColor304,Gradient304
0,PrimaryColor305,SecondaryColor305,Gradient305
0,PrimaryColor306,SecondaryColor306,Gradient306
0,PrimaryColor307,SecondaryColor307,Gradient307
0,PrimaryColor308,SecondaryColor308,Gradient308
0,PrimaryColor309,SecondaryColor309,Gradient309
0,PrimaryColor310,SecondaryColor310,Gradient310
0,PrimaryColor311,SecondaryColor311,Gradient311
0,PrimaryColor312,SecondaryColor312,Gradient312
0,PrimaryColor313,SecondaryColor313,Gradient313
0,PrimaryColor314,SecondaryColor314,Gradient314
0,PrimaryColor315,SecondaryColor315,Gradient315
0,PrimaryColor316,SecondaryColor316,Gradient316
0,PrimaryColor317,SecondaryColor317,Gradient317
0,PrimaryColor318,SecondaryColor318,Gradient318
0,PrimaryColor319,SecondaryColor319,Gradient319
0,PrimaryColor320,SecondaryColor320,Gradient320
0,PrimaryColor321,SecondaryColor321,Gradient321
0,PrimaryColor322,SecondaryColor322,Gradient322
0,PrimaryColor323,SecondaryColor323,Gradient323
0,PrimaryColor324,SecondaryColor324,Gradient324
0,PrimaryColor325,SecondaryColor325,Gradient325
0,PrimaryColor326,SecondaryColor326,Gradient326
0,PrimaryColor327,SecondaryColor327,Gradient327
0,PrimaryColor328,SecondaryColor328,Gradient328
0,PrimaryColor329,SecondaryColor329,Gradient329
0,PrimaryColor330,SecondaryColor330,Gradient330
0,PrimaryColor331,SecondaryColor331,Gradient331
0,PrimaryColor332,SecondaryColor332,Gradient332
0,PrimaryColor333,SecondaryColor333,Gradient333
0,PrimaryColor334,SecondaryColor334,Gradient334
0,PrimaryColor335,SecondaryColor335,Gradient335
0,PrimaryColor336,SecondaryColor336,Gradient336
0,PrimaryColor337,SecondaryColor337,Gradient337
0,PrimaryColor338,SecondaryColor338,Gradient338
0,PrimaryColor339,SecondaryColor339,Gradient339
0,PrimaryColor340,SecondaryColor340,Gradient340
0,PrimaryColor341,SecondaryColor341,Gradient341
0,PrimaryColor342,SecondaryColor342,Gradient342
0,PrimaryColor343,SecondaryColor343,Gradient343
0,PrimaryColor344,SecondaryColor344,Gradient344
0,PrimaryColor345,SecondaryColor345,Gradient345
0,PrimaryColor346,SecondaryColor346,Gradient346
0,PrimaryColor347,SecondaryColor347,Gradient347
0,PrimaryColor348,SecondaryColor348,Gradient348
0,PrimaryColor349,SecondaryColor349,Gradient349
0,PrimaryColor350,SecondaryColor350,Gradient350
0,PrimaryColor351,SecondaryColor351,Gradient351
0,PrimaryColor352,SecondaryColor352,Gradient352
0,PrimaryColor353,SecondaryColor353,Gradient353
0,PrimaryColor354,SecondaryColor354,Gradient354
0,PrimaryColor355,SecondaryColor355,Gradient355
0,PrimaryColor356,SecondaryColor356,Gradient356
0,PrimaryColor357,SecondaryColor357,Gradient357
0,PrimaryColor358,SecondaryColor358,Gradient358
0,PrimaryColor359,SecondaryColor359,Gradient359
0,PrimaryColor360,SecondaryColor360,Gradient360
0,PrimaryColor361,SecondaryColor361,Gradient361
0,PrimaryColor362,SecondaryColor362,Gradient362
0,PrimaryColor363,SecondaryColor363,Gradient363
0,PrimaryColor364,SecondaryColor364,Gradient364
0,PrimaryColor365,SecondaryColor365,Gradient365
0,PrimaryColor366,SecondaryColor366,Gradient366
0,PrimaryColor367,SecondaryColor367,Gradient367
0,PrimaryColor368,SecondaryColor368,Gradient368
0,PrimaryColor369,SecondaryColor369,Gradient369
0,PrimaryColor370,SecondaryColor370,Gradient370
0,PrimaryColor371,SecondaryColor371,Gradient371
0,PrimaryColor372,SecondaryColor372,Gradient372
0,PrimaryColor373,SecondaryColor373,Gradient373
0,PrimaryColor374,SecondaryColor374,Gradient374
0,PrimaryColor375,SecondaryColor375,Gradient375
0,PrimaryColor376,SecondaryColor376,Gradient376
0,PrimaryColor377,SecondaryColor377,Gradient377
0,PrimaryColor378,SecondaryColor378,Gradient378
0,PrimaryColor379,SecondaryColor379,Gradient379
0,PrimaryColor380,SecondaryColor380,Gradient380
0,PrimaryColor381,SecondaryColor381,Gradient381
0,PrimaryColor382,SecondaryColor382,Gradient382
0,PrimaryColor383,SecondaryColor383,Gradient383
0,PrimaryColor384,SecondaryColor384,Gradient384
0,PrimaryColor385,SecondaryColor385,Gradient385
0,PrimaryColor386,SecondaryColor386,Gradient386
0,PrimaryColor387,SecondaryColor387,Gradient387
0,PrimaryColor388,SecondaryColor388,Gradient388
0,PrimaryColor389,SecondaryColor389,Gradient389
0,PrimaryColor390,SecondaryColor390,Gradient390
0,PrimaryColor391,SecondaryColor391,Gradient391
0,PrimaryColor392,SecondaryColor392,Gradient392
0,PrimaryColor393,SecondaryColor393,Gradient393
0,PrimaryColor394,SecondaryColor394,Gradient394
0,PrimaryColor395,SecondaryColor395,Gradient395
0,PrimaryColor396,SecondaryColor396,Gradient396
0,PrimaryColor397,SecondaryColor397,Gradient397
0,PrimaryColor398,SecondaryColor398,Gradient398
0,PrimaryColor399,SecondaryColor399,Gradient399
0,PrimaryColor400,SecondaryColor400,Gradient400
0,PrimaryColor401,SecondaryColor401,Gradient401
0,PrimaryColor402,SecondaryColor402,Gradient402
0,PrimaryColor403,SecondaryColor403,Gradient403
0,PrimaryColor404,SecondaryColor404,Gradient404
0,PrimaryColor405,SecondaryColor405,Gradient405
0,PrimaryColor406,SecondaryColor406,Gradient406
0,PrimaryColor407,SecondaryColor407,Gradient407
0,PrimaryColor408,SecondaryColor408,Gradient408
0,PrimaryColor409,SecondaryColor409,Gradient409
0,PrimaryColor410,SecondaryColor410,Gradient410
0,PrimaryColor411,SecondaryColor411,Gradient411
0,PrimaryColor412,SecondaryColor412,Gradient412
0,PrimaryColor413,SecondaryColor413,Gradient413
0,PrimaryColor414,SecondaryColor414,Gradient414
0,PrimaryColor415,SecondaryColor415,Gradient415
0,PrimaryColor416,SecondaryColor416,Gradient416
0,PrimaryColor417,SecondaryColor417,Gradient417
0,PrimaryColor418,SecondaryColor418,Gradient418
0,PrimaryColor419,SecondaryColor419,Gradient419
0,PrimaryColor420,SecondaryColor420,Gradient420
0,PrimaryColor421,SecondaryColor421,Gradient421
0,PrimaryColor422,SecondaryColor422,Gradient422
0,PrimaryColor423,SecondaryColor423,Gradient423
0,PrimaryColor424,SecondaryColor424,Gradient424
0,PrimaryColor425,SecondaryColor425,Gradient425
0,PrimaryColor426,SecondaryColor426,Gradient426
0,PrimaryColor427,SecondaryColor427,Gradient427
0,PrimaryColor428,SecondaryColor428,Gradient428
0,PrimaryColor429,SecondaryColor429,Gradient429
0,PrimaryColor430,SecondaryColor430,Gradient430
0,PrimaryColor431,SecondaryColor431,Gradient431
0,PrimaryColor432,SecondaryColor432,Gradient432
0,PrimaryColor433,SecondaryColor433,Gradient433
0,PrimaryColor434,SecondaryColor434,Gradient434
0,PrimaryColor435,SecondaryColor435,Gradient435
0,PrimaryColor436,SecondaryColor436,Gradient436
0,PrimaryColor437,SecondaryColor437,Gradient437
0,PrimaryColor438,SecondaryColor438,Gradient438
0,PrimaryColor439,SecondaryColor439,Gradient439
0,PrimaryColor440,SecondaryColor440,Gradient440
0,PrimaryColor441,SecondaryColor441,Gradient441
0,PrimaryColor442,SecondaryColor442,Gradient442
0,PrimaryColor443,SecondaryColor443,Gradient443
0,PrimaryColor444,SecondaryColor444,Gradient444
0,PrimaryColor445,SecondaryColor445,Gradient445
0,PrimaryColor446,SecondaryColor446,Gradient446
0,PrimaryColor447,SecondaryColor447,Gradient447
0,PrimaryColor448,SecondaryColor448,Gradient448
0,PrimaryColor449,SecondaryColor449,Gradient449
0,PrimaryColor450,SecondaryColor450,Gradient450
0,PrimaryColor451,SecondaryColor451,Gradient451
0,PrimaryColor452,SecondaryColor452,Gradient452
0,PrimaryColor453,SecondaryColor453,Gradient453
0,PrimaryColor454,SecondaryColor454,Gradient454
0,PrimaryColor455,SecondaryColor455,Gradient455
0,PrimaryColor456,SecondaryColor456,Gradient456
0,PrimaryColor457,SecondaryColor457,Gradient457
0,PrimaryColor458,SecondaryColor458,Gradient458
0,PrimaryColor459,SecondaryColor459,Gradient459
0,PrimaryColor460,SecondaryColor460,Gradient460
0,PrimaryColor461,SecondaryColor461,Gradient461
0,PrimaryColor462,SecondaryColor462,Gradient462
0,PrimaryColor463,SecondaryColor463,Gradient463
0,PrimaryColor464,SecondaryColor464,Gradient464
0,PrimaryColor465,SecondaryColor465,Gradient465
0,PrimaryColor466,SecondaryColor466,Gradient466
0,PrimaryColor467,SecondaryColor467,Gradient467
0,PrimaryColor468,SecondaryColor468,Gradient468
0,PrimaryColor469,SecondaryColor469,Gradient469
0,PrimaryColor470,SecondaryColor470,Gradient470
0,PrimaryColor471,SecondaryColor471,Gradient471
0,PrimaryColor472,SecondaryColor472,Gradient472
0,PrimaryColor473,SecondaryColor473,Gradient473
0,PrimaryColor474,SecondaryColor474,Gradient474
0,PrimaryColor475,SecondaryColor475,Gradient475
0,PrimaryColor476,SecondaryColor476,Gradient476
0,PrimaryColor477,SecondaryColor477,Gradient477
0,PrimaryColor478,SecondaryColor478,Gradient478
0,PrimaryColor479,SecondaryColor479,Gradient479
0,PrimaryColor480,SecondaryColor480,Gradient480
0,PrimaryColor481,SecondaryColor481,Gradient481
0,PrimaryColor482,SecondaryColor482,Gradient482
0,PrimaryColor483,SecondaryColor483,Gradient483
0,PrimaryColor484,SecondaryColor484,Gradient484
0,PrimaryColor485,SecondaryColor485,Gradient485
0,PrimaryColor486,SecondaryColor486,Gradient486
0,PrimaryColor487,SecondaryColor487,Gradient487
0,PrimaryColor488,SecondaryColor488,Gradient488
0,PrimaryColor489,SecondaryColor489,Gradient489
0,PrimaryColor490,SecondaryColor490,Gradient490
0,PrimaryColor491,SecondaryColor491,Gradient491
0,PrimaryColor492,SecondaryColor492,Gradient492
0,PrimaryColor493,SecondaryColor493,Gradient493
0,PrimaryColor494,SecondaryColor494,Gradient494
0,PrimaryColor495,SecondaryColor495,Gradient495
0,PrimaryColor496,SecondaryColor496,Gradient496
0,PrimaryColor497,SecondaryColor497,Gradient497
0,PrimaryColor498,SecondaryColor498,Gradient498
0,PrimaryColor499,SecondaryColor499,Gradient499
0,PrimaryColor500,SecondaryColor500,Gradient500
0,PrimaryColor501,SecondaryColor501,Gradient501
0,PrimaryColor502,SecondaryColor502,Gradient502
0,PrimaryColor503,SecondaryColor503,Gradient503
0,PrimaryColor504,SecondaryColor504,Gradient504
0,PrimaryColor505,SecondaryColor505,Gradient505
0,PrimaryColor506,SecondaryColor506,Gradient506
0,PrimaryColor507,SecondaryColor507,Gradient507
0,PrimaryColor508,SecondaryColor508,Gradient508
0,PrimaryColor509,SecondaryColor509,Gradient509
0,PrimaryColor510,SecondaryColor510,Gradient510
0,PrimaryColor511,SecondaryColor511,Gradient511
0,PrimaryColor512,SecondaryColor512,Gradient512
0,PrimaryColor513,SecondaryColor513,Gradient513
0,PrimaryColor514,SecondaryColor514,Gradient514
0,PrimaryColor515,SecondaryColor515,Gradient515
0,PrimaryColor516,SecondaryColor516,Gradient516
0,PrimaryColor517,SecondaryColor517,Gradient517
0,PrimaryColor518,SecondaryColor518,Gradient518
0,PrimaryColor519,SecondaryColor519,Gradient519
0,PrimaryColor520,SecondaryColor520,Gradient520
0,PrimaryColor521,SecondaryColor521,Gradient521
0,PrimaryColor522,SecondaryColor522,Gradient522
0,PrimaryColor523,SecondaryColor523,Gradient523
0,PrimaryColor524,SecondaryColor524,Gradient524
0,PrimaryColor525,SecondaryColor525,Gradient525
0,PrimaryColor526,SecondaryColor526,Gradient526
0,PrimaryColor527,SecondaryColor527,Gradient527
0,PrimaryColor528,SecondaryColor528,Gradient528
0,PrimaryColor529,SecondaryColor529,Gradient529
0,PrimaryColor530,SecondaryColor530,Gradient530
0,PrimaryColor531,SecondaryColor531,Gradient531
0,PrimaryColor532,SecondaryColor532,Gradient532
0,PrimaryColor533,SecondaryColor533,Gradient533
0,PrimaryColor534,SecondaryColor534,Gradient534
0,PrimaryColor535,SecondaryColor535,Gradient535
0,PrimaryColor536,SecondaryColor536,Gradient536
0,PrimaryColor537,SecondaryColor537,Gradient537
0,PrimaryColor538,SecondaryColor538,Gradient538
0,PrimaryColor539,SecondaryColor539,Gradient539
0,PrimaryColor540,SecondaryColor540,Gradient540
0,PrimaryColor541,SecondaryColor541,Gradient541
0,PrimaryColor542,SecondaryColor542,Gradient542
0,PrimaryColor543,SecondaryColor543,Gradient543
0,PrimaryColor544,SecondaryColor544,Gradient544
0,PrimaryColor545,SecondaryColor545,Gradient545
0,PrimaryColor546,SecondaryColor546,Gradient546
0,PrimaryColor547,SecondaryColor547,Gradient547
0,PrimaryColor548,SecondaryColor548,Gradient548
0,PrimaryColor549,SecondaryColor549,Gradient549
0,PrimaryColor550,SecondaryColor550,Gradient550
0,PrimaryColor551,SecondaryColor551,Gradient551
0,PrimaryColor552,SecondaryColor552,Gradient552
0,PrimaryColor553,SecondaryColor553,Gradient553
0,PrimaryColor554,SecondaryColor554,Gradient554
0,PrimaryColor555,SecondaryColor555,Gradient555
0,PrimaryColor556,SecondaryColor556,Gradient556
0,PrimaryColor557,SecondaryColor557,Gradient557
0,PrimaryColor558,SecondaryColor558,Gradient558
0,PrimaryColor559,SecondaryColor559,Gradient559
0,PrimaryColor560,SecondaryColor560,Gradient560
0,PrimaryColor561,SecondaryColor561,Gradient561
0,PrimaryColor562,SecondaryColor562,Gradient562
0,PrimaryColor563,SecondaryColor563,Gradient563
0,PrimaryColor564,SecondaryColor564,Gradient564
0,PrimaryColor565,SecondaryColor565,Gradient565
0,PrimaryColor566,SecondaryColor566,Gradient566
0,PrimaryColor567,SecondaryColor567,Gradient567
0,PrimaryColor568,SecondaryColor568,Gradient568
0,PrimaryColor569,SecondaryColor569,Gradient569
0,PrimaryColor570,SecondaryColor570,Gradient570
0,PrimaryColor571,SecondaryColor571,Gradient571
0,PrimaryColor572,SecondaryColor572,Gradient572
0,PrimaryColor573,SecondaryColor573,Gradient573
0,PrimaryColor574,SecondaryColor574,Gradient574
0,PrimaryColor575,SecondaryColor575,Gradient575
0,PrimaryColor576,SecondaryColor576,Gradient576
0,PrimaryColor577,SecondaryColor577,Gradient577
0,PrimaryColor578,SecondaryColor578,Gradient578
0,PrimaryColor579,SecondaryColor579,Gradient579
0,PrimaryColor580,SecondaryColor580,Gradient580
0,PrimaryColor581,SecondaryColor581,Gradient581
0,PrimaryColor582,SecondaryColor582,Gradient582
0,PrimaryColor583,SecondaryColor583,Gradient583
0,PrimaryColor584,SecondaryColor584,Gradient584
0,PrimaryColor585,SecondaryColor585,Gradient585
0,PrimaryColor586,SecondaryColor586,Gradient586
0,PrimaryColor587,SecondaryColor587,Gradient587
0,PrimaryColor588,SecondaryColor588,Gradient588
0,PrimaryColor589,SecondaryColor589,Gradient589
0,PrimaryColor590,SecondaryColor590,Gradient590
0,PrimaryColor591,SecondaryColor591,Gradient591
0,PrimaryColor592,SecondaryColor592,Gradient592
0,PrimaryColor593,SecondaryColor593,Gradient593
0,PrimaryColor594,SecondaryColor594,Gradient594
0,PrimaryColor595,SecondaryColor595,Gradient595
0,PrimaryColor596,SecondaryColor596,Gradient596
0,PrimaryColor597,SecondaryColor597,Gradient597
0,PrimaryColor598,SecondaryColor598,Gradient598
0,PrimaryColor599,SecondaryColor599,Gradient599
0,PrimaryColor600,SecondaryColor600,Gradient600
0,PrimaryColor601,SecondaryColor601,Gradient601
0,PrimaryColor602,SecondaryColor602,Gradient602
0,PrimaryColor603,SecondaryColor603,Gradient603
0,PrimaryColor604,SecondaryColor604,Gradient604
0,PrimaryColor605,SecondaryColor605,Gradient605
0,PrimaryColor606,SecondaryColor606,Gradient606
0,PrimaryColor607,SecondaryColor607,Gradient607
0,PrimaryColor608,SecondaryColor608,Gradient608
0,PrimaryColor609,SecondaryColor609,Gradient609
0,PrimaryColor610,SecondaryColor610,Gradient610
0,PrimaryColor611,SecondaryColor611,Gradient611
0,PrimaryColor612,SecondaryColor612,Gradient612
0,PrimaryColor613,SecondaryColor613,Gradient613
0,PrimaryColor614,SecondaryColor614,Gradient614
0,PrimaryColor615,SecondaryColor615,Gradient615
0,PrimaryColor616,SecondaryColor616,Gradient616
0,PrimaryColor617,SecondaryColor617,Gradient617
0,PrimaryColor618,SecondaryColor618,Gradient618
0,PrimaryColor619,SecondaryColor619,Gradient619
0,PrimaryColor620,SecondaryColor620,Gradient620
0,PrimaryColor621,SecondaryColor621,Gradient621
0,PrimaryColor622,SecondaryColor622,Gradient622
0,PrimaryColor623,SecondaryColor623,Gradient623
0,PrimaryColor624,SecondaryColor624,Gradient624
0,PrimaryColor625,SecondaryColor625,Gradient625
0,PrimaryColor626,SecondaryColor626,Gradient626
0,PrimaryColor627,SecondaryColor627,Gradient627
0,PrimaryColor628,SecondaryColor628,Gradient628
0,PrimaryColor629,SecondaryColor629,Gradient629
0,PrimaryColor630,SecondaryColor630,Gradient630
0,PrimaryColor631,SecondaryColor631,Gradient631
0,PrimaryColor632,SecondaryColor632,Gradient632
0,PrimaryColor633,SecondaryColor633,Gradient633
0,PrimaryColor634,SecondaryColor634,Gradient634
0,PrimaryColor635,SecondaryColor635,Gradient635
0,PrimaryColor636,SecondaryColor636,Gradient636
0,PrimaryColor637,SecondaryColor637,Gradient637
0,PrimaryColor638,SecondaryColor638,Gradient638
0,PrimaryColor639,SecondaryColor639,Gradient639
0,PrimaryColor640,SecondaryColor640,Gradient640
0,PrimaryColor641,SecondaryColor641,Gradient641
0,PrimaryColor642,SecondaryColor642,Gradient642
0,PrimaryColor643,SecondaryColor643,Gradient643
0,PrimaryColor644,SecondaryColor644,Gradient644
0,PrimaryColor645,SecondaryColor645,Gradient645
0,PrimaryColor646,SecondaryColor646,Gradient646
0,PrimaryColor647,SecondaryColor647,Gradient647
0,PrimaryColor648,SecondaryColor648,Gradient648
0,PrimaryColor649,SecondaryColor649,Gradient649
0,PrimaryColor650,SecondaryColor650,Gradient650
0,PrimaryColor651,SecondaryColor651,Gradient651
0,PrimaryColor652,SecondaryColor652,Gradient652
0,PrimaryColor653,SecondaryColor653,Gradient653
0,PrimaryColor654,SecondaryColor654,Gradient654
0,PrimaryColor655,SecondaryColor655,Gradient655
0,PrimaryColor656,SecondaryColor656,Gradient656
0,PrimaryColor657,SecondaryColor657,Gradient657
0,PrimaryColor658,SecondaryColor658,Gradient658
0,PrimaryColor659,SecondaryColor659,Gradient659
0,PrimaryColor660,SecondaryColor660,Gradient660
0,PrimaryColor661,SecondaryColor661,Gradient661
0,PrimaryColor662,SecondaryColor662,Gradient662
0,PrimaryColor663,SecondaryColor663,Gradient663
0,PrimaryColor664,SecondaryColor664,Gradient664
0,PrimaryColor665,SecondaryColor665,Gradient665
0,PrimaryColor666,SecondaryColor666,Gradient666
0,PrimaryColor667,SecondaryColor667,Gradient667
0,PrimaryColor668,SecondaryColor668,Gradient668
0,PrimaryColor669,SecondaryColor669,Gradient669
0,PrimaryColor670,SecondaryColor670,Gradient670
0,PrimaryColor671,SecondaryColor671,Gradient671
0,PrimaryColor672,SecondaryColor672,Gradient672
0,PrimaryColor673,SecondaryColor673,Gradient673
0,PrimaryColor674,SecondaryColor674,Gradient674
0,PrimaryColor675,SecondaryColor675,Gradient675
0,PrimaryColor676,SecondaryColor676,Gradient676
0,PrimaryColor677,SecondaryColor677,Gradient677
0,PrimaryColor678,SecondaryColor678,Gradient678
0,PrimaryColor679,SecondaryColor679,Gradient679
0,PrimaryColor680,SecondaryColor680,Gradient680
0,PrimaryColor681,SecondaryColor681,Gradient681
0,PrimaryColor682,SecondaryColor682,Gradient682
0,PrimaryColor683,SecondaryColor683,Gradient683
0,PrimaryColor684,SecondaryColor684,Gradient684
0,PrimaryColor685,SecondaryColor685,Gradient685
0,PrimaryColor686,SecondaryColor686,Gradient686
0,PrimaryColor687,SecondaryColor687,Gradient687
0,PrimaryColor688,SecondaryColor688,Gradient688
0,PrimaryColor689,SecondaryColor689,Gradient689
0,PrimaryColor690,SecondaryColor690,Gradient690
0,PrimaryColor691,SecondaryColor691,Gradient691
0,PrimaryColor692,SecondaryColor692,Gradient692
0,PrimaryColor693,SecondaryColor693,Gradient693
0,PrimaryColor694,SecondaryColor694,Gradient694
0,PrimaryColor695,SecondaryColor695,Gradient695
0,PrimaryColor696,SecondaryColor696,Gradient696
0,PrimaryColor697,SecondaryColor697,Gradient697
0,PrimaryColor698,SecondaryColor698,Gradient698
0,PrimaryColor699,SecondaryColor699,Gradient699
0,PrimaryColor700,SecondaryColor700,Gradient700
0,PrimaryColor701,SecondaryColor701,Gradient701
0,PrimaryColor702,SecondaryColor702,Gradient702
0,PrimaryColor703,SecondaryColor703,Gradient703
0,PrimaryColor704,SecondaryColor704,Gradient704
0,PrimaryColor705,SecondaryColor705,Gradient705
0,PrimaryColor706,SecondaryColor706,Gradient706
0,PrimaryColor707,SecondaryColor707,Gradient707
0,PrimaryColor708,SecondaryColor708,Gradient708
0,PrimaryColor709,SecondaryColor709,Gradient709
0,PrimaryColor710,SecondaryColor710,Gradient710
0,PrimaryColor711,SecondaryColor711,Gradient711
0,PrimaryColor712,SecondaryColor712,Gradient712
0,PrimaryColor713,SecondaryColor713,Gradient713
0,PrimaryColor714,SecondaryColor714,Gradient714
0,PrimaryColor715,SecondaryColor715,Gradient715
0,PrimaryColor716,SecondaryColor716,Gradient716
0,PrimaryColor717,SecondaryColor717,Gradient717
0,PrimaryColor718,SecondaryColor718,Gradient718
0,PrimaryColor719,SecondaryColor719,Gradient719
0,PrimaryColor720,SecondaryColor720,Gradient720
0,PrimaryColor721,SecondaryColor721,Gradient721
0,PrimaryColor722,SecondaryColor722,Gradient722
0,PrimaryColor723,SecondaryColor723,Gradient723
0,PrimaryColor724,SecondaryColor724,Gradient724
0,PrimaryColor725,SecondaryColor725,Gradient725
0,PrimaryColor726,SecondaryColor726,Gradient726
0,PrimaryColor727,SecondaryColor727,Gradient727
0,PrimaryColor728,SecondaryColor728,Gradient728
0,PrimaryColor729,SecondaryColor729,Gradient729
0,PrimaryColor730,SecondaryColor730,Gradient730
0,PrimaryColor731,SecondaryColor731,Gradient731
0,PrimaryColor732,SecondaryColor732,Gradient732
0,PrimaryColor733,SecondaryColor733,Gradient733
0,PrimaryColor734,SecondaryColor734,Gradient734
0,PrimaryColor735,SecondaryColor735,Gradient735
0,PrimaryColor736,SecondaryColor736,Gradient736
0,PrimaryColor737,SecondaryColor737,Gradient737
0,PrimaryColor738,SecondaryColor738,Gradient738
0,PrimaryColor739,SecondaryColor739,Gradient739
0,PrimaryColor740,SecondaryColor740,Gradient740
0,PrimaryColor741,SecondaryColor741,Gradient741
0,PrimaryColor742,SecondaryColor742,Gradient742
0,PrimaryColor743,SecondaryColor743,Gradient743
0,PrimaryColor744,SecondaryColor744,Gradient744
0,PrimaryColor745,SecondaryColor745,Gradient745
0,PrimaryColor746,SecondaryColor746,Gradient746
0,PrimaryColor747,SecondaryColor747,Gradient747
0,PrimaryColor748,SecondaryColor748,Gradient748
0,PrimaryColor749,SecondaryColor749,Gradient749
0,PrimaryColor750,SecondaryColor750,Gradient750
0,PrimaryColor751,SecondaryColor751,Gradient751
0,PrimaryColor752,SecondaryColor752,Gradient752
0,PrimaryColor753,SecondaryColor753,Gradient753
0,PrimaryColor754,SecondaryColor754,Gradient754
0,PrimaryColor755,SecondaryColor755,Gradient755
0,PrimaryColor756,SecondaryColor756,Gradient756
0,PrimaryColor757,SecondaryColor757,Gradient757
0,PrimaryColor758,SecondaryColor758,Gradient758
0,PrimaryColor759,SecondaryColor759,Gradient759
0,PrimaryColor760,SecondaryColor760,Gradient760
0,PrimaryColor761,SecondaryColor761,Gradient761
0,PrimaryColor762,SecondaryColor762,Gradient762
0,PrimaryColor763,SecondaryColor763,Gradient763
0,PrimaryColor764,SecondaryColor764,Gradient764
0,PrimaryColor765,SecondaryColor765,Gradient765
0,PrimaryColor766,SecondaryColor766,Gradient766
0,PrimaryColor767,SecondaryColor767,Gradient767
0,PrimaryColor768,SecondaryColor768,Gradient768
0,PrimaryColor769,SecondaryColor769,Gradient769
0,PrimaryColor770,SecondaryColor770,Gradient770
0,PrimaryColor771,SecondaryColor771,Gradient771
0,PrimaryColor772,SecondaryColor772,Gradient772
0,PrimaryColor773,SecondaryColor773,Gradient773
0,PrimaryColor774,SecondaryColor774,Gradient774
0,PrimaryColor775,SecondaryColor775,Gradient775
0,PrimaryColor776,SecondaryColor776,Gradient776
0,PrimaryColor777,SecondaryColor777,Gradient777
0,PrimaryColor778,SecondaryColor778,Gradient778
0,PrimaryColor779,SecondaryColor779,Gradient779
0,PrimaryColor780,SecondaryColor780,Gradient780
0,PrimaryColor781,SecondaryColor781,Gradient781
0,PrimaryColor782,SecondaryColor782,Gradient782
0,PrimaryColor783,SecondaryColor783,Gradient783
0,PrimaryColor784,SecondaryColor784,Gradient784
0,PrimaryColor785,SecondaryColor785,Gradient785
0,PrimaryColor786,SecondaryColor786,Gradient786
0,PrimaryColor787,SecondaryColor787,Gradient787
0,PrimaryColor788,SecondaryColor788,Gradient788
0,PrimaryColor789,SecondaryColor789,Gradient789
0,PrimaryColor790,SecondaryColor790,Gradient790
0,PrimaryColor791,SecondaryColor791,Gradient791
0,PrimaryColor792,SecondaryColor792,Gradient792
0,PrimaryColor793,SecondaryColor793,Gradient793
0,PrimaryColor794,SecondaryColor794,Gradient794
0,PrimaryColor795,SecondaryColor795,Gradient795
0,PrimaryColor796,SecondaryColor796,Gradient796
0,PrimaryColor797,SecondaryColor797,Gradient797
0,PrimaryColor798,SecondaryColor798,Gradient798
0,PrimaryColor799,SecondaryColor799,Gradient799
0,PrimaryColor800,SecondaryColor800,Gradient800
0,PrimaryColor801,SecondaryColor801,Gradient801
0,PrimaryColor802,SecondaryColor802,Gradient802
0,PrimaryColor803,SecondaryColor803,Gradient803
0,PrimaryColor804,SecondaryColor804,Gradient804
0,PrimaryColor805,SecondaryColor805,Gradient805
0,PrimaryColor806,SecondaryColor806,Gradient806
0,PrimaryColor807,SecondaryColor807,Gradient807
0,PrimaryColor808,SecondaryColor808,Gradient808
0,PrimaryColor809,SecondaryColor809,Gradient809
0,PrimaryColor810,SecondaryColor810,Gradient810
0,PrimaryColor811,SecondaryColor811,Gradient811
0,PrimaryColor812,SecondaryColor812,Gradient812
0,PrimaryColor813,SecondaryColor813,Gradient813
0,PrimaryColor814,SecondaryColor814,Gradient814
0,PrimaryColor815,SecondaryColor815,Gradient815
0,PrimaryColor816,SecondaryColor816,Gradient816
0,PrimaryColor817,SecondaryColor817,Gradient817
0,PrimaryColor818,SecondaryColor818,Gradient818
0,PrimaryColor819,SecondaryColor819,Gradient819
0,PrimaryColor820,SecondaryColor820,Gradient820
0,PrimaryColor821,SecondaryColor821,Gradient821
0,PrimaryColor822,SecondaryColor822,Gradient822
0,PrimaryColor823,SecondaryColor823,Gradient823
0,PrimaryColor824,SecondaryColor824,Gradient824
0,PrimaryColor825,SecondaryColor825,Gradient825
0,PrimaryColor826,SecondaryColor826,Gradient826
0,PrimaryColor827,SecondaryColor827,Gradient827
0,PrimaryColor828,SecondaryColor828,Gradient828
0,PrimaryColor829,SecondaryColor829,Gradient829
0,PrimaryColor830,SecondaryColor830,Gradient830
0,PrimaryColor831,SecondaryColor831,Gradient831
0,PrimaryColor832,SecondaryColor832,Gradient832
0,PrimaryColor833,SecondaryColor833,Gradient833
0,PrimaryColor834,SecondaryColor834,Gradient834
0,PrimaryColor835,SecondaryColor835,Gradient835
0,PrimaryColor836,SecondaryColor836,Gradient836
0,PrimaryColor837,SecondaryColor837,Gradient837
0,PrimaryColor838,SecondaryColor838,Gradient838
0,PrimaryColor839,SecondaryColor839,Gradient839
0,PrimaryColor840,SecondaryColor840,Gradient840
0,PrimaryColor841,SecondaryColor841,Gradient841
0,PrimaryColor842,SecondaryColor842,Gradient842
0,PrimaryColor843,SecondaryColor843,Gradient843
0,PrimaryColor844,SecondaryColor844,Gradient844
0,PrimaryColor845,SecondaryColor845,Gradient845
0,PrimaryColor846,SecondaryColor846,Gradient846
0,PrimaryColor847,SecondaryColor847,Gradient847
0,PrimaryColor848,SecondaryColor848,Gradient848
0,PrimaryColor849,SecondaryColor849,Gradient849
0,PrimaryColor850,SecondaryColor850,Gradient850
0,PrimaryColor851,SecondaryColor851,Gradient851
0,PrimaryColor852,SecondaryColor852,Gradient852
0,PrimaryColor853,SecondaryColor853,Gradient853
0,PrimaryColor854,SecondaryColor854,Gradient854
0,PrimaryColor855,SecondaryColor855,Gradient855
0,PrimaryColor856,SecondaryColor856,Gradient856
0,PrimaryColor857,SecondaryColor857,Gradient857
0,PrimaryColor858,SecondaryColor858,Gradient858
0,PrimaryColor859,SecondaryColor859,Gradient859
0,PrimaryColor860,SecondaryColor860,Gradient860
0,PrimaryColor861,SecondaryColor861,Gradient861
0,PrimaryColor862,SecondaryColor862,Gradient862
0,PrimaryColor863,SecondaryColor863,Gradient863
0,PrimaryColor864,SecondaryColor864,Gradient864
0,PrimaryColor865,SecondaryColor865,Gradient865
0,PrimaryColor866,SecondaryColor866,Gradient866
0,PrimaryColor867,SecondaryColor867,Gradient867
0,PrimaryColor868,SecondaryColor868,Gradient868
0,PrimaryColor869,SecondaryColor869,Gradient869
0,PrimaryColor870,SecondaryColor870,Gradient870
0,PrimaryColor871,SecondaryColor871,Gradient871
0,PrimaryColor872,SecondaryColor872,Gradient872
0,PrimaryColor873,SecondaryColor873,Gradient873
0,PrimaryColor874,SecondaryColor874,Gradient874
0,PrimaryColor875,SecondaryColor875,Gradient875
0,PrimaryColor876,SecondaryColor876,Gradient876
0,PrimaryColor877,SecondaryColor877,Gradient877
0,PrimaryColor878,SecondaryColor878,Gradient878
0,PrimaryColor879,SecondaryColor879,Gradient879
0,PrimaryColor880,SecondaryColor880,Gradient880
0,PrimaryColor881,SecondaryColor881,Gradient881
0,PrimaryColor882,SecondaryColor882,Gradient882
0,PrimaryColor883,SecondaryColor883,Gradient883
0,PrimaryColor884,SecondaryColor884,Gradient884
0,PrimaryColor885,SecondaryColor885,Gradient885
0,PrimaryColor886,SecondaryColor886,Gradient886
0,PrimaryColor887,SecondaryColor887,Gradient887
0,PrimaryColor888,SecondaryColor888,Gradient888
0,PrimaryColor889,SecondaryColor889,Gradient889
0,PrimaryColor890,SecondaryColor890,Gradient890
0,PrimaryColor891,SecondaryColor891,Gradient891
0,PrimaryColor892,SecondaryColor892,Gradient892
0,PrimaryColor893,SecondaryColor893,Gradient893
0,PrimaryColor894,SecondaryColor894,Gradient894
0,PrimaryColor895,SecondaryColor895,Gradient895
0,PrimaryColor896,SecondaryColor896,Gradient896
0,PrimaryColor897,SecondaryColor897,Gradient897
0,PrimaryColor898,SecondaryColor898,Gradient898
0,PrimaryColor899,SecondaryColor899,Gradient899
0,PrimaryColor900,SecondaryColor900,Gradient900
0,PrimaryColor901,SecondaryColor901,Gradient901
0,PrimaryColor902,SecondaryColor902,Gradient902
0,PrimaryColor903,SecondaryColor903,Gradient903
0,PrimaryColor904,SecondaryColor904,Gradient904
0,PrimaryColor905,SecondaryColor905,Gradient905
0,PrimaryColor906,SecondaryColor906,Gradient906
0,PrimaryColor907,SecondaryColor907,Gradient907
0,PrimaryColor908,SecondaryColor908,Gradient908
0,PrimaryColor909,SecondaryColor909,Gradient909
0,PrimaryColor910,SecondaryColor910,Gradient910
0,PrimaryColor911,SecondaryColor911,Gradient911
0,PrimaryColor912,SecondaryColor912,Gradient912
0,PrimaryColor913,SecondaryColor913,Gradient913
0,PrimaryColor914,SecondaryColor914,Gradient914
0,PrimaryColor915,SecondaryColor915,Gradient915
0,PrimaryColor916,SecondaryColor916,Gradient916
0,PrimaryColor917,SecondaryColor917,Gradient917
0,PrimaryColor918,SecondaryColor918,Gradient918
0,PrimaryColor919,SecondaryColor919,Gradient919
0,PrimaryColor920,SecondaryColor920,Gradient920
0,PrimaryColor921,SecondaryColor921,Gradient921
0,PrimaryColor922,SecondaryColor922,Gradient922
0,PrimaryColor923,SecondaryColor923,Gradient923
0,PrimaryColor924,SecondaryColor924,Gradient924
0,PrimaryColor925,SecondaryColor925,Gradient925
0,PrimaryColor926,SecondaryColor926,Gradient926
0,PrimaryColor927,SecondaryColor927,Gradient927
0,PrimaryColor928,SecondaryColor928,Gradient928
0,PrimaryColor929,SecondaryColor929,Gradient929
0,PrimaryColor930,SecondaryColor930,Gradient930
0,PrimaryColor931,SecondaryColor931,Gradient931
0,PrimaryColor932,SecondaryColor932,Gradient932
0,PrimaryColor933,SecondaryColor933,Gradient933
0,PrimaryColor934,SecondaryColor934,Gradient934
0,PrimaryColor935,SecondaryColor935,Gradient935
0,PrimaryColor936,SecondaryColor936,Gradient936
0,PrimaryColor937,SecondaryColor937,Gradient937
0,PrimaryColor938,SecondaryColor938,Gradient938
0,PrimaryColor939,SecondaryColor939,Gradient939
0,PrimaryColor940,SecondaryColor940,Gradient940
0,PrimaryColor941,SecondaryColor941,Gradient941
0,PrimaryColor942,SecondaryColor942,Gradient942
0,PrimaryColor943,SecondaryColor943,Gradient943
0,PrimaryColor944,SecondaryColor944,Gradient944
0,PrimaryColor945,SecondaryColor945,Gradient945
0,PrimaryColor946,SecondaryColor946,Gradient946
0,PrimaryColor947,SecondaryColor947,Gradient947
0,PrimaryColor948,SecondaryColor948,Gradient948
0,PrimaryColor949,SecondaryColor949,Gradient949
0,PrimaryColor950,SecondaryColor950,Gradient950
0,PrimaryColor951,SecondaryColor951,Gradient951
0,PrimaryColor952,SecondaryColor952,Gradient952
0,PrimaryColor953,SecondaryColor953,Gradient953
0,PrimaryColor954,SecondaryColor954,Gradient954
0,PrimaryColor955,SecondaryColor955,Gradient955
0,PrimaryColor956,SecondaryColor956,Gradient956
0,PrimaryColor957,SecondaryColor957,Gradient957
0,PrimaryColor958,SecondaryColor958,Gradient958
0,PrimaryColor959,SecondaryColor959,Gradient959
0,PrimaryColor960,SecondaryColor960,Gradient960
0,PrimaryColor961,SecondaryColor961,Gradient961
0,PrimaryColor962,SecondaryColor962,Gradient962
0,PrimaryColor963,SecondaryColor963,Gradient963
0,PrimaryColor964,SecondaryColor964,Gradient964
0,PrimaryColor965,SecondaryColor965,Gradient965
0,PrimaryColor966,SecondaryColor966,Gradient966
0,PrimaryColor967,SecondaryColor967,Gradient967
0,PrimaryColor968,SecondaryColor968,Gradient968
0,PrimaryColor969,SecondaryColor969,Gradient969
0,PrimaryColor970,SecondaryColor970,Gradient970
0,PrimaryColor971,SecondaryColor971,Gradient971
0,PrimaryColor972,SecondaryColor972,Gradient972
0,PrimaryColor973,SecondaryColor973,Gradient973
0,PrimaryColor974,SecondaryColor974,Gradient974
0,PrimaryColor975,SecondaryColor975,Gradient975
0,PrimaryColor976,SecondaryColor976,Gradient976
0,PrimaryColor977,SecondaryColor977,Gradient977
0,PrimaryColor978,SecondaryColor978,Gradient978
0,PrimaryColor979,SecondaryColor979,Gradient979
0,PrimaryColor980,SecondaryColor980,Gradient980
0,PrimaryColor981,SecondaryColor981,Gradient981
0,PrimaryColor982,SecondaryColor982,Gradient982
0,PrimaryColor983,SecondaryColor983,Gradient983
0,PrimaryColor984,SecondaryColor984,Gradient984
0,PrimaryColor985,SecondaryColor985,Gradient985
0,PrimaryColor986,SecondaryColor986,Gradient986
0,PrimaryColor987,SecondaryColor987,Gradient987
0,PrimaryColor988,SecondaryColor988,Gradient988
0,PrimaryColor989,SecondaryColor989,Gradient989
0,PrimaryColor990,SecondaryColor990,Gradient990
0,PrimaryColor991,SecondaryColor991,Gradient991
0,PrimaryColor992,SecondaryColor992,Gradient992
0,PrimaryColor993,SecondaryColor993,Gradient993
0,PrimaryColor994,SecondaryColor994,Gradient994
0,PrimaryColor995,SecondaryColor995,Gradient995
0,PrimaryColor996,SecondaryColor996,Gradient996
0,PrimaryColor997,SecondaryColor997,Gradient997
0,PrimaryColor998,SecondaryColor998,Gradient998
0,PrimaryColor999,SecondaryColor999,Gradient999
